{
	"partitions" : [
		{
			"name" : "Top",
			"pins" : [
				{
					"name" : "clk_1meg",
					"strict" : false
				},
				{
					"name" : "cs",
					"strict" : false
				},
				{
					"name" : "data_valid",
					"strict" : false
				},
				{
					"name" : "led[0]",
					"strict" : false
				},
				{
					"name" : "led[1]",
					"strict" : false
				},
				{
					"name" : "led[2]",
					"strict" : false
				},
				{
					"name" : "led[3]",
					"strict" : false
				},
				{
					"name" : "led[4]",
					"strict" : false
				},
				{
					"name" : "led[5]",
					"strict" : false
				},
				{
					"name" : "led[6]",
					"strict" : false
				},
				{
					"name" : "led[7]",
					"strict" : false
				},
				{
					"name" : "led[8]",
					"strict" : false
				},
				{
					"name" : "led[9]",
					"strict" : false
				},
				{
					"name" : "led[10]",
					"strict" : false
				},
				{
					"name" : "led[11]",
					"strict" : false
				},
				{
					"name" : "out_pwm",
					"strict" : false
				},
				{
					"name" : "clk",
					"strict" : false
				},
				{
					"name" : "reset",
					"strict" : false
				},
				{
					"name" : "data_in",
					"strict" : false
				},
				{
					"name" : "continue",
					"strict" : false
				},
				{
					"name" : "ss",
					"strict" : false
				},
				{
					"name" : "degre_in",
					"strict" : false
				},
				{
					"name" : "altera_reserved_tms",
					"strict" : false
				},
				{
					"name" : "altera_reserved_tck",
					"strict" : false
				},
				{
					"name" : "altera_reserved_tdi",
					"strict" : false
				},
				{
					"name" : "altera_reserved_tdo",
					"strict" : false
				}
			]
		}
	]
}