{
	"partitions" : [
		{
			"name" : "Top",
			"pins" : [
				{
					"name" : "data_valid",
					"strict" : false
				},
				{
					"name" : "out_1s",
					"strict" : false
				},
				{
					"name" : "data_compass[0]",
					"strict" : false
				},
				{
					"name" : "data_compass[1]",
					"strict" : false
				},
				{
					"name" : "data_compass[2]",
					"strict" : false
				},
				{
					"name" : "data_compass[3]",
					"strict" : false
				},
				{
					"name" : "data_compass[4]",
					"strict" : false
				},
				{
					"name" : "data_compass[5]",
					"strict" : false
				},
				{
					"name" : "data_compass[6]",
					"strict" : false
				},
				{
					"name" : "data_compass[7]",
					"strict" : false
				},
				{
					"name" : "data_compass[8]",
					"strict" : false
				},
				{
					"name" : "out_pwm",
					"strict" : false
				},
				{
					"name" : "clk",
					"strict" : false
				},
				{
					"name" : "razn",
					"strict" : false
				},
				{
					"name" : "switch[0]",
					"strict" : false
				},
				{
					"name" : "switch[1]",
					"strict" : false
				},
				{
					"name" : "switch[2]",
					"strict" : false
				},
				{
					"name" : "switch[3]",
					"strict" : false
				},
				{
					"name" : "in_pwm",
					"strict" : false
				},
				{
					"name" : "altera_reserved_tms",
					"strict" : false
				},
				{
					"name" : "altera_reserved_tck",
					"strict" : false
				},
				{
					"name" : "altera_reserved_tdi",
					"strict" : false
				},
				{
					"name" : "altera_reserved_tdo",
					"strict" : false
				}
			]
		}
	]
}