{
	"partitions" : [
		{
			"name" : "Top",
			"pins" : [
				{
					"name" : "cs_main",
					"strict" : false
				},
				{
					"name" : "csl",
					"strict" : false
				},
				{
					"name" : "led[0]",
					"strict" : false
				},
				{
					"name" : "led[1]",
					"strict" : false
				},
				{
					"name" : "led[2]",
					"strict" : false
				},
				{
					"name" : "led[3]",
					"strict" : false
				},
				{
					"name" : "led[4]",
					"strict" : false
				},
				{
					"name" : "led[5]",
					"strict" : false
				},
				{
					"name" : "led[6]",
					"strict" : false
				},
				{
					"name" : "led[7]",
					"strict" : false
				},
				{
					"name" : "led[8]",
					"strict" : false
				},
				{
					"name" : "led[9]",
					"strict" : false
				},
				{
					"name" : "led[10]",
					"strict" : false
				},
				{
					"name" : "led[11]",
					"strict" : false
				},
				{
					"name" : "clk_1meg_main",
					"strict" : false
				},
				{
					"name" : "clk_main",
					"strict" : false
				},
				{
					"name" : "reset_main",
					"strict" : false
				},
				{
					"name" : "data_in_main",
					"strict" : false
				},
				{
					"name" : "altera_reserved_tms",
					"strict" : false
				},
				{
					"name" : "altera_reserved_tck",
					"strict" : false
				},
				{
					"name" : "altera_reserved_tdi",
					"strict" : false
				},
				{
					"name" : "altera_reserved_tdo",
					"strict" : false
				}
			]
		}
	]
}